{
	"variables": [],
	"info": {
		"name": "college",
		"_postman_id": "1519042e-b360-e4c7-a209-9a744b824650",
		"description": "",
		"schema": "https://schema.getpostman.com/json/collection/v2.0.0/collection.json"
	},
	"item": [
		{
			"name": "Login",
			"request": {
				"url": "http://college-erp.com/college/login.php",
				"method": "POST",
				"header": [
					{
						"key": "Content-Type",
						"value": "application/json",
						"description": ""
					}
				],
				"body": {
					"mode": "raw",
					"raw": "{\n\t\"username\":\"admin\",\n\t\"password\":123\n}"
				},
				"description": ""
			},
			"response": []
		},
		{
			"name": "Associate Department-Hod",
			"request": {
				"url": "http://college-erp.com/college/assign-hod.php",
				"method": "POST",
				"header": [
					{
						"key": "Content-Type",
						"value": "application/json",
						"description": ""
					}
				],
				"body": {
					"mode": "raw",
					"raw": "{\n\t\"department_id\":1,\n\t\"hod_id\":1\n}"
				},
				"description": ""
			},
			"response": []
		},
		{
			"name": "Associate Register-Hod",
			"request": {
				"url": "http://college-erp.com/college/assign-register.php",
				"method": "POST",
				"header": [
					{
						"key": "Content-Type",
						"value": "application/json",
						"description": ""
					}
				],
				"body": {
					"mode": "raw",
					"raw": "{\n\t\"register_id\":2,\n\t\"hod_id\":1\n}"
				},
				"description": ""
			},
			"response": []
		},
		{
			"name": "Create HOD",
			"request": {
				"url": "http://college-erp.com/college/create-hod.php",
				"method": "POST",
				"header": [
					{
						"key": "Content-Type",
						"value": "application/json",
						"description": ""
					}
				],
				"body": {
					"mode": "raw",
					"raw": "{\n\t\"name\":\"Raghvendra\"\n}"
				},
				"description": ""
			},
			"response": []
		},
		{
			"name": "Create admin",
			"request": {
				"url": "http://college-erp.com/college/create-admin.php",
				"method": "POST",
				"header": [
					{
						"key": "Content-Type",
						"value": "application/json",
						"description": ""
					}
				],
				"body": {
					"mode": "raw",
					"raw": "{\n\t\"name\":\"Raghvendra\",\n\t\"username\":\"raghu\",\n\t\"password\":123\n}"
				},
				"description": ""
			},
			"response": []
		},
		{
			"name": "Create Department",
			"request": {
				"url": "http://college-erp.com/college/create-department.php",
				"method": "POST",
				"header": [
					{
						"key": "Content-Type",
						"value": "application/json",
						"description": ""
					}
				],
				"body": {
					"mode": "raw",
					"raw": "{\n\t\"department\":\"IT\"\n}"
				},
				"description": ""
			},
			"response": []
		}
	]
}